category;items
aliments et boissons à base de végétaux;78938
aliments d'origine végétale;67355
snacks;43291
boissons;37609
snacks sucrés;36661
produits laitiers;28870
viandes;28385
plats préparés;24690
aliments à base de fruits et de légumes;24593
céréales et pommes de terre;22170
produits fermentés;21381
produits laitiers fermentés;21142
produits à tartiner;19211
biscuits et gâteaux;18630
charcuteries;16887
epicerie;15987
petit déjeuners;15672
fromages;15037
céréales et dérivés;14328
fruits et produits dérivés;14132
desserts;13159
boissons à base de végétaux;12942
produits à tartiner sucrés;11242
sauces;10761
produits de la mer;10434
surgelés;9414
confiseries;9301
conserves;9170
légumes et dérivés;9068
pâtes à tartiner végétales;8651
poissons;8567
boissons alcoolisées;8208
biscuits;8171
volailles;7497
boissons aux fruits;7475
produits à la viande;7363
chocolats;7057
matières grasses;6980
fromages de france;6620
condiments;6606
snacks salés;6595
gâteaux;6562
jus et nectars;6484
confitures et marmelades;6130
boissons avec sucre ajouté;5761
produits déshydratés;5664
frais;5620
yaourts;5579
plats préparés à la viande;5573
pains;5536
confitures;5530
apéritif;5388
fromages de vache;5369
poulets;5322
produits à tartiner salés;5320
confitures de fruits;5066
fruits à coques et dérivés;5046
fruit juices and nectars;4912
édulcorants;4900
jus de fruits;4796
aliments à base de plantes en conserve;4677
légumineuses et dérivés;4500
boissons chaudes;4379
produits d'élevages;4362
pâtes alimentaires;4244
matières grasses végétales;4212
vins;4206
graines;3912
aliments à base de plantes séchées;3652
huiles;3615
jambons;3601
viennoiseries;3504
produits de la ruche;3497
céréales pour petit déjeuner;3462
pâtisseries;3459
légumineuses;3408
desserts glacés;3276
fromages à pâte pressée cuite;3275
produits de l'olivier;3267
miels;3146
desserts lactés;3128
confiseries chocolatées;3119
chocolats noirs;3108
chips et frites;3090
soupes;3055
légumes en conserve;2977
fruits à coques;2963
fruits secs;2912
boissons sans sucre ajouté;2878
saucisses;2845
plats préparés au poisson;2806
glaces et sorbets;2774
fruits;2756
bonbons;2721
chips;2680
boissons gazeuses;2628
saucissons;2627
poissons et viandes et oeufs;2501
biscuits au chocolat;2401
plats à base de pâtes;2357
sirops;2349
plats préparés à réchauffer au micro ondes;2343
pizzas tartes salées et quiches;2337
bières;2328
labeled cheeses;2325
poissons en conserve;2325
thés;2302
aoc cheeses;2302
compotes;2287
laits;2283
plats à la volaille;2282
confitures de fruits rouges;2209
filets de poulet;2174
céréales en grains;2140
produits lyophilisés à reconstituer;2128
bonbons de chocolat;2126
vins français;2118
huiles d'olive;2082
jambons blancs;2058
jus de fruits pur jus;2025
sodas;2020
foies gras;1998
chocolats au lait;1991
cafés;1985
glaces;1954
plats préparés surgelés;1953
yaourts aux fruits;1923
moutardes;1914
terrines;1898
barres;1898
infusions;1872
salades;1863
pickles;1844
rillettes;1844
foies gras de canard;1839
matières grasses à tartiner;1818
tartes;1785
pickles d'origine végétale;1782
poissons fumés;1771
comté;1767
pâtes sèches;1760
fromages pasteurisés;1753
fromages à pâte pressée non cuite;1737
légumes préparés;1711
thons;1708
brioches;1703
boissons sans alcool;1681
préparations de poisson;1680
réfrigérés;1671
epices;1666
compléments alimentaires;1654
aliments et boissons de noël;1654
boissons édulcorées;1650
charcuteries diverses;1631
saumons;1626
saucisses françaises;1624
sauces tomate;1620
sirops aromatisés;1617
biscuits apéritifs;1611
huiles d'olive vierges extra;1584
sandwichs;1577
flocons;1568
pizzas;1565
aliments pour bébé;1561
flocons de céréales;1557
bœuf;1551
compotes de pomme;1539
salades composées;1525
dindes;1524
filets de poissons;1511
pâtes à tartiner;1488
soupes de légumes;1485
tomates et dérivés;1484
légumineuses en conserve;1477
fromages italiens;1476
aliments à base de plantes frais;1457
eaux;1452
plats préparés frais;1403
plantes condimentaires;1395
graines de légumineuses;1384
preparations made from fish meat;1382
gâteaux au chocolat;1375
biscuits sablés;1367
matières grasses animales;1357
fromages à pâte molle à croûte fleurie;1335
légumes secs;1331
substitut du lait;1329
chips de pommes de terre;1320
boissons végétales;1317
porc;1315
madeleines;1308
mueslis;1290
nectars de fruits;1263
plats au poulet;1261
plats préparés en conserve;1258
milkfat;1258
plats au bœuf;1254
saucissons secs;1254
beurres;1250
produits laitiers à tartiner;1250
sardines;1217
plats préparés réfrigérés;1211
jambons crus;1208
vinaigres;1197
riz;1187
aliments à base de plantes surgelés;1186
pâtes farcies;1184
jus d'orange;1178
œufs;1175
olives;1169
boissons instantanées;1164
produits panés;1160
emmentals;1158
saumons fumés;1151
farines;1141
sardines en conserve;1134
légumes frais;1127
pâtes de blé;1126
jus de pomme;1076
mayonnaises;1075
boissons lactées;1067
pâtes de blé dur;1040
cream cheeses;1026
charcuteries cuites;1021
eaux de sources;1011
foies gras entiers;993
jambons secs;968
cookies;968
crèmes glacées en pot;962
mélanges de flocons de céréales;955
plats au porc;953
légumes feuilles;946
crêpes et galettes;943
escalopes de dinde;938
fromages de chèvre;933
vins rouges;931
cuisses de poulet;923
légumes surgelés;921
sardines à l'huile;914
pains d'épices;900
crèmes;899
desserts au chocolat;897
aides culinaires;895
nouilles;881
pâtés végétaux;881
fromages de brebis;873
plats à base de riz;870
rillettes de viande;867
laits homogénéisés;862
pains de mie;855
confitures de fraises;854
laits demi écrémés;849
produits artisanaux;849
laits uht;848
miels de fleurs;847
eaux minérales;835
barres chocolatées;834
fromages au lait cru;832
yaourts natures;828
substituts de viande;827
chips de pommes de terre à l'huile de tournesol;825
plats préparés d'origine végétale;823
confiseries de noël;819
pâtes à tartiner au chocolat;818
rillettes de poissons;815
crèmes dessert;815
fromages blancs;805
sucres;801
fruits tropicaux;801
biscuits fourrés;792
farines de céréales;777
beignets sucrés;777
amandes;776
jus multifruits;771
steaks de bœuf;766
préparations de viande;766
champignons et produits dérivés;763
steaks;761
cafés en dosettes;752
bonbons gélifiés;752
pains spéciaux;752
poulets cuisinés;750
veloutés;748
steaks hachés;745
steaks de bœuf hachés;735
pâtes à tartiner aux noisettes;733
sorbets;726
yaourts sucrés;722
bières blondes;717
riz long grain;713
bloc de foie gras;712
additifs alimentaires;712
tartes sucrées;707
olives vertes;703
chipolatas;701
boissons fermentées;697
thés verts;697
sauces salades;695
cacaos et chocolats en poudre;695
galettes de céréales soufflées;688
panettone;686
boudins;686
veloutés de légumes;682
confitures d'abricot;681
bouillons;680
purées d'oléagineux;680
thés glacés;679
légumes tiges;679
touron;677
boissons lactées fermentées;674
compléments pour le bodybuilding;672
pains au chocolat;670
plats au canard;670
biscuits secs;666
crustacés;665
ravioli;661
barres de céréales;656
champignons;655
sodas au cola;647
boissons au thé;640
fruits à coques décortiqués;637
pâtés de porc;634
crêpes;634
donuts;631
moulages en chocolat;623
alcools artisanaux;623
sels;614
terrines de campagne;613
viandes fraîches;612
pâtes à tartiner aux noisettes et au cacao;612
jus d'orange pur jus;609
fromages à pâte persillée;604
fromages à pâte filée;602
œufs de poules;601
yaourts brassés;597
jus de fruits à base de concentré;596
aliments de pâques;592
fromages râpés;588
céréales au chocolat;587
sardines à l'huile d'olive;587
pommes de terre préfrites surgelées;583
ketchup;582
rillettes de viande blanche;579
sauces pesto;576
pizzas et tartes surgelées;575
produits de montagne;573
lentilles;572
fruits en conserve;572
sauces pour pâtes;571
pâtés de campagne;571
beurres de fruits à coques;571
rillettes de volaille;571
chewing gum;570
miels français;569
plantes aromatiques;567
yaourts à boire;567
fromages des pays bas;559
taboulés;558
vinaigrettes;557
gaufres;554
thons en conserve;551
sirops simples;549
fromages à tartiner;546
maquereaux;545
tapenades;544
fromages industriels;540
jus de pommes pur jus;539
plats préparés déshydratés;534
tomates;532
soupes de poissons;532
spaghetti;531
gratins;529
purées;527
oignons et dérivés;527
bières artisanales;525
margarines;522
alcools forts;518
chips de pommes de terre aromatisées;516
macarons;512
crevettes;511
bières françaises;509
thons à l'huile;509
galettes des rois;509
tartelettes;506
foies gras de canard entiers;505
yaourts aromatisés;505
non alimentaire;504
yaourts à la grecque;498
beurres demi sel;497
chips de maïs;495
entrées;493
abats;493
mozzarella;487
cidres;485
boudins blancs;484
houmous;482
mollusques;482
chocolats en poudre;481
mueslis aux fruits;479
aiguillettes de poulet;479
pâtes à tarte;477
fromages à pâte persillée français;476
pizzas surgelées;475
pains grillés;475
pickles de légumes;472
fruits au sirop;469
yaourts au lait de vache;468
filets de maquereaux;468
emmentals français;468
thons au naturel;467
vinaigres balsamiques;467
saumons fumés d'élevage;466
préparations de viande bovine;465
yaourts entiers;465
boissons light;462
vins blancs;462
tartes salées;460
cacahuètes;459
reblochons;459
noix de cajou;458
pâtes fraîches;457
lasagnes préparées;456
riz parfumés;455
confitures de framboises;454
desserts végétaliens;453
cookies au chocolat;450
farines de blé;450
camemberts;448
allumettes de porc;447
terrines de volailles;447
nougats;447
eaux de vie;446
miels d'acacia;445
confitures multifruits;444
biscuits au chocolat au lait;444
galettes de riz soufflé;439
haricots verts;438
bordeaux;437
nouilles instantanées;437
herbes aromatiques;437
chocolats aux noisettes;436
fromages en tranches;431
préparations pour desserts;430
riz de variété indica;429
croûtons;429
canards;427
sodas aux fruits;427
viandes séchées;422
yaourts au lait de brebis;418
parmigiano reggiano;418
assortiments de bonbons de chocolat;413
goudas;413
sodas light;410
lardons de porc;408
soupes déshydratées;408
jambons serrano;406
chocolats blancs;404
biscottes;401
bananes;399
pizzas au fromage;398
caramels;397
goûters et desserts pour bébé;396
chocolats fourrés;396
croissants;395
haricots;393
moutardes de dijon;393
puddings;393
beurres de cacahuètes;391
beurres de légumineuses;391
viandes surgelées;387
gnocchi;385
bouillons déshydratés;384
spiruline;382
terrines de canard;382
surimi;382
biscuits apéritifs soufflés;382
crèmes épaisses;381
plats principaux pour bébé;381
cassoulets;379
abricots secs;379
gaufrettes;378
barres protéinées;378
open beauty facts;377
aides à la pâtisserie;377
fruits rouges;375
olives dénoyautées;374
eaux minérales naturelles;374
pickles de concombres;374
filets d'anchois;373
confitures d'agrumes;372
eaux gazeuses;371
sels marins;369
confitures de figues;368
jus multifruits pur jus;368
plats préparés feuilletés;366
produits sans gluten;365
produits labellises;365
amandes décortiquées;362
emmentals râpés;362
confitures de myrtilles;361
assaisonnements;360
quenelles;359
cafés moulus;357
fromages à pâte molle à croûte lavée;356
fruits à coque grillés;355
fromages de montagne;355
gâteaux et pâtisseries surgelés;355
haricots en conserve;354
tuiles salées;354
plats à base de semoule;351
rillettes de canard;351
graines de tournesol et dérivés;349
cornichons;348
carottes râpées;347
thés noirs;345
mousses salées;345
bûches de noël;344
boissons végétales de céréales;344
poulets panés;344
laits pour bébé;344
boissons énergisantes;342
asperges;342
sandwichs garnis de charcuteries;341
beurres de crème douce;341
vinaigres balsamiques de modène;340
dès 6 mois;339
épinards;338
champignons en conserve;338
truites;337
semoules de céréales;336
chewing gum sans sucres;335
crèmes de marrons;335
tommes;335
huiles de fruits et graines de fruits;335
jambons de volaille;335
mélanges de fruits secs;334
baguettes;332
soupes froides;332
filets d'anchois marinés;332
dattes;332
salades de légumes;331
poissons panés;329
aliments et boissons à base de légumes;328
haricots verts en conserve;328
vins effervescents;322
chocolats aux amandes;321
œufs de pâques;321
gressins;320
pommes de terre;320
limonades;316
œufs de poules élevées en plein air;316
filets d'anchois marinés à l'huile végétale;315
yaourts vanille;314
brownies;313
frites;313
truites fumées;312
harengs;312
laits de coco;312
mousses au chocolat;311
bries;310
margarines allégées;309
compotes à boire;308
riz au lait;308
riz basmati;306
morbiers;306
tartines craquantes;306
corn flakes;306
sauces dessert;305
boissons aux légumes;305
fruits à coque salés;304
nems;304
poivres;303
mueslis au chocolat;302
fromages à pâte fondue;302
préparations de viande hachée;302
crèmes dessert chocolat;301
huiles de fruits à coques;300
eaux aromatisées;300
chorizo;300
carottes râpées assaisonnées;299
saucissons secs pur porc;299
faisselles;299
gaufrettes fourrées;299
gnocchi de pommes de terre;297
gratins de pomme de terre;296
liqueurs;295
petits pois;295
pruneaux;294
fromages blancs natures;294
thés aromatisés;293
ratatouilles;292
boissons végétales de légumineuses;291
boissons végétales de soja;291
noix;291
crèmes fraîches;290
gelées de fruits;290
galettes à la frangipane;290
thons à l'huile d'olive;287
olives noires;286
carottes;285
poissons surgelés;285
cafés solubles;283
choucroutes;283
sirops d'érable;283
vins rosés;283
pistaches;282
agrumes;282
yaourts au bifidus;281
brandades de morue;280
jus de légumes;280
rillettes de viande rouge;280
céréales en conserve;279
sauces à la viande;277
maïs en conserve;276
salades de pâtes;275
galettes;275
lardons de porc fumés;275
bâtonnets glacés;274
popcorn;274
raclettes;272
moules;271
rillettes de porc;271
lasagnes à la bolognaise;270
muffins;269
bûches glacées;269
thons blancs;268
sauces barbecue;268
salades vertes;267
saucisses de strasbourg;266
steaks végétaux;266
sandwichs au jambon;266
champignons de paris en conserve;266
gaspacho;265
semoules de blé;265
penne rigate;264
sauces au soja;264
maquereaux en conserve;264
cacahuètes grillées;263
olives vertes dénoyautées;263
jus de raisin;263
pestos au basilic;263
salades au thon;262
céréales préparées;262
magrets de canard;262
biscuits feuilletés;261
vinaigres de vin;261
sandwichs à la volaille;261
blancs de poulet;261
confiseries de fruits à coques;259
cafés en dosettes compatible nespresso;258
biscuits au chocolat noir;258
quiches;258
produits à teneur réduite en sel;257
confitures de cerises;257
purées de pommes de terre;257
palets;257
produits tripiers;256
saucisses de toulouse;256
rillettes de thon;255
pommes;255
cakes aux fruits;254
nuggets de poulet;251
laits entiers;251
vinaigres de cidre;249
œufs de poisson;249
cordons bleus;249
boissons végétales de fruits à coque;247
sandwichs au poulet;246
salades de pommes de terre;245
huiles de coco;245
sauces bolognaises;244
pains complets;244
jus d'ananas;244
petits pois en conserve;244
tomates fraîches;243
bloc de foie gras de canard;243
sodas au cola light;243
bananes séchées;243
thons tropicaux;242
jus de citron;242
quinoa;242
fromages à pâte molle à croûte naturelle;241
pâtes feuilletées;241
pâtes aux œufs;241
tomates en conserve;240
artichauts;240
miels crémeux;239
fromages fondus;239
coulis de fruits;238
confitures de prunes;238
compotes pommes poires;237
chocolats au lait aux noisettes;236
brioches au chocolat;236
fromages du nord pas de calais;236
canneberges séchées;235
yaourts brassés aux fruits;235
semoules de blé dur;235
petits beurres;235
mimolettes;235
poêlées;234
nectars multifruits;232
maïs doux en conserve;232
pruneaux d'agen;232
compotes pommes nature;231
olives farcies;230
ail et dérivés;230
haricots blancs;230
produits végétaux fermentés;230
roqueforts;229
yaourts végétaux;229
côtes du rhône;229
charcuteries à teneur réduite en sel;229
viandes d'agneau;228
marmelades;228
crêpes de froment;228
petits pois et carottes en conserve;227
céréales fourrées;226
galettes de blé noir;226
confits d'oignons;226
madeleines au chocolat;226
tapenades noires;226
produits de la plante de courge;225
desserts lactés au chocolat;225
pavés de saumon;224
calissons;222
salamis;222
confiseries de france;222
croissants au beurre;222
taramas;221
confitures de fruits tropicaux;221
algues et dérivés;220
thons albacore;220
aliments a base de plantes seches;220
blancs de dinde;220
laits d'amande;219
yaourts sur lit de fruits;219
produits sous license;218
sandwichs au fromage;217
tartes aux pommes;216
purées de légumes;215
cônes;215
saucisses sèches;215
bières blanches;215
escalopes de dinde panees;213
calendriers de l'avent;213
huiles de tournesol;213
smoothies;213
viande de lapin;213
sirops de grenadine;213
palmiers;213
bacon;212
paëllas;212
petits pains grillés;212
foies gras mi cuits;212
olives vertes farcies;211
champagnes;211
raisins secs;211
sirops de menthe;211
frites surgelées;211
biscuits apéritifs soufflés à base de maïs;210
succédanés du sucre;210
merguez;209
bières belges;209
champignons de paris;209
entrées froides;209
pains au lait;209
cancoillottes;209
fromages de grèce;208
huiles de colza;208
brandades de morue parmentière;207
œufs frais;207
sels non raffinés;206
sandwichs aux crudités;205
oignons;205
sucres de canne;205
brochettes;204
flocons d'avoine;204
nonnettes;203
brioches pur beurre;203
yaourts à la fraise;202
glaces à la vanille;202
escargots;201
tagliatelles;201
coeurs d'artichauts;201
tourons aux amandes;200
bières ambrées;200
feta;200
laits écrémés;199
bouillons de légumes;199
cerneaux de noix;198
escalopes de dinde marinees a la milanaise;197
préparations pour gâteaux;197
noisettes;196
grains soufflées;195
mélanges d'épices;195
tisanes de plantes mélangées;195
thons à l'huile de tournesol;194
plats au saumon;194
légumes séchés;194
céréales soufflées;194
choucroutes garnies;193
produits aoc;193
brioches tranchées;193
fleurs de sel;193
rôtis de porc;193
bouillons cubes;192
cantal;192
coquillettes;192
meringues;192
fruits à coque au chocolat;192
pâtes à tartiner au caramel;191
laits de vache;191
rosettes;191
biscuits tablette de chocolat;190
crèmes entières;190
morues;190
saucisses de volaille;189
mousses de foies;189
sardines à la tomate;189
chocolats noirs extra fin;188
pois chiches;188
gésiers;187
caramels au beurre salé;187
desserts lactés aux œufs;186
chocolats noirs aux amandes;186
lentilles vertes;186
couscous préparés;186
beaufort;186
pains plats;184
yaourts brassés nature;184
risottos;184
tomates séchées;184
charcuteries à cuire;183
jambons blancs à teneur réduite en sel;182
purées en flocons;182
graines de courge et dérivés;181
rillettes de saumon;181
grana padano;181
riz préparés;180
souris d agneau;180
pâtes brisées;180
chocolats fourrés au praliné;180
barres de céréales au chocolat;179
pains de mie complet;179
œufs en chocolat creux;178
jus d'orange à base de concentré;178
côtes de porc;178
sirops de fraise;177
steaks hachés frais;177
blinis;177
confitures de lait;176
lapins en chocolat;176
guimauves;175
pâtes de fruits;175
chocolats au lait fourrés;175
truffes en chocolat;175
tapenades vertes;175
caviars d'aubergine;175
crèmes légères;175
laits aromatisés;175
amandes grillées;174
fromages au lait de bufflonne;174
beurres doux;173
flans gélifiés;173
farines de fruits à coques;173
huiles de noix;173
piments;172
beurres pasteurisés;172
hamburgers;172
salades piémontaises;171
camemberts au lait cru;171
ravioles;171
épinards surgelés;171
cacaos en poudre;171
pains de seigle;170
marrons glacés;170
betteraves;169
yaourts allégés en matière grasse;169
filets de harengs;169
quenelles nature;169
andouillettes;169
miels de châtaignier;169
pâtes de curry;169
vinaigrettes allégées en matières grasses;168
boudins noirs;168
miels liquides;168
boissons au riz;168
sardines à l'huile de tournesol;167
semoules de blé dur pour couscous;167
jus de pamplemousse;167
chocolats salés;167
yaourts au soja;166
eau tonique;166
steaks hachés de bœuf frais;166
tiramisu;166
brioches tressées;166
crèmes liquides;166
nectars d'abricot;166
confitures de légumes;165
saint nectaire;164
spaghettis de blé dur;164
miels de lavande;164
filets de poulet fermier;164
bretzels;163
petits beurres with chocolate;163
eaux minérales gazeuses;163
pâtés de foie;163
pizzas aux quatre fromages;162
guacamoles;162
quiches lorraines;162
crèmes dessert vanille;161
tomates cerise;161
chaussons aux pommes;160
escalopes;160
éclairs;160
steaks surgelés;160
raviolis au bœuf;160
steaks hachés surgelés;159
mozzarella di bufala campana;159
plats au veau;159
mousses sucrées;158
hachis parmentier;158
glaces au chocolat;158
whiskys;157
gâteaux bretons;157
yaourts au lait de chèvre;156
andouilles;156
tofu;156
tourtes;156
dès 12 mois;155
yaourts à la myrtille;155
sandwichs au poisson;155
saucisses cocktail;155
sauces déshydratées;155
confitures de fruits rouges mélanges;155
jambons de bayonne;155
baies de goji séchées;155
compotes pommes banane;154
bouillons de volaille;154
mousses de canard;154
ananas;154
huiles de céréales;154
harengs fumés;154
fruits enrobés de chocolat;154
kouign amann;154
sirops d'agave;153
thés en sachets;153
concentrés de tomates;153
préparations à base de miel;152
préparations de viande bovine hachée;152
quatre quarts;152
plantes aromatiques sèches moulues;151
sandwichs jambon fromage;151
sucettes;151
coulommiers;151
bloc de foie gras avec morceaux;151
compotes pour bébé;150
torsades;150
gaufres liégeoises;150
bouillons de légumes déshydratés;150
sauces au poivre;150
saucissons à l'ail;149
rhums;149
pistaches grillées;148
tomates pelées;148
saumons fumés sauvages;148
nougats blancs;146
brie de meaux;146
steaks hachés de bœuf surgelés;146
entrées et snacks surgelés;146
viandes en conserve;146
queues de crevettes;146
yaourts multifruits;146
sauces pimentées;145
fromages blancs aux fruits;145
poivres noirs;145
cacahuètes au chocolat;144
poitrine de porc;144
rillettes françaises;144
salades de fruits;143
maïs;143
kombuchas;143
wraps;143
viande des grisons;142
filets de canard;142
pâtes à pizza;142
tortellini;142
taboulés orientaux;142
escargots de bourgogne;141
nectars de pêche;141
grains de café;141
chocolats au caramel;141
chocolats noirs fourrés;141
goudas au cumin;141
dès 4 mois;140
thés noirs aromatisés;140
graines de courge;140
thés à la menthe;140
pâtes d'alsace;140
pousses;140
crèmes uht;140
desserts au soja;140
desserts lactés à la vanille;139
crèmes au vinaigre;139
pains sans gluten;139
sodas à l'orange;139
spéculoos;139
rillettes de maquereau;138
gésiers de canard;138
financiers;138
sirops de citron;138
gâteaux marbrés;137
biscuits cacaotés fourrés goût vanille;137
riz blanc;136
barres chocolatées biscuitées;136
purées de tomates;136
bacon fumé;136
amandes en poudre;136
ail;136
viande de bœuf séchée;136
pâtes sèches aux œufs;136
chocolats noirs aux noisettes;136
asperges en conserve;135
chips de manioc;135
huiles d'olive vierges;135
moules en conserve;135
sauces pesto rosso;135
skyr;135
boissons à l'avoine;135
bonbons au miel;134
jus de tomates;134
fromages du royaume uni;134
pilons de poulet;134
cuisses de canard;134
confitures de cassis;134
fraises;134
cacahuètes salées;133
biscuits à l'avoine;133
légumineuses surgelées;133
chili con carne;133
pains blancs;133
ravioli en conserve;133
miels de montagne;133
nougats de montélimar;133
confitures de pêches;133
crèmes végétales;133
cafés en dosettes compatible senseo;133
marmelades d'oranges;132
pommes sucrées;132
graines de tournesol;132
tzatzíki;132
fromages d'angleterre;131
laits demi écrémés biologiques;131
asperges blanches;131
rillettes de poulet;131
confitures de mûres;131
céréales au miel;130
compotes pommes fraise;130
préparations de viande surgelées;130
bières bio;129
petits pots pour bébé;129
gâches;129
croque monsieur;129
olives entières;129
poulets au curry;129
confitures allégées;129
champignons frais;128
assortiments de chocolats;128
fruits surgelés;128
cheddars;128
gratins dauphinois;128
omelettes de pommes de terre;128
saucisses aux lentilles;128
camemberts pasteurisés;127
fromages de suisse;127
confitures de mirabelles;127
bouillons de bœuf;127
chips de manioc à la crevette;127
gaufres fourrées;127
poivrons;127
boudoirs;127
mélanges d'aliments à base de plantes surgelés;126
yaourts à la framboise;126
friands;126
compotes allégées;126
pains aux raisins;126
cordons bleus de dinde;126
dès 8 mois;126
bières sans alcool;126
saucisses allemandes;126
pâtes alimentaires sans gluten;125
chips à l'ancienne;125
colorants alimentaires;125
andouilles de guémené;125
confitures d'orange;125
poissons panés de colin;124
fourme d'ambert;124
confitures de rhubarbe;124
sels de guérande;124
fougasses;123
laits aromatisés au chocolat;123
saucisses de morteau;123
rillettes de sardine;123
fruits confits;123
miettes de thon;123
mayonnaises de dijon;123
nectars d'orange;123
boissons lyophilisées;123
terrines de lapin;123
chocolats édulcorés;122
pois chiches en conserve;122
briochettes;122
mochi;122
protéines en poudre;121
abondance;121
boissons au café;121
viandes de veau;121
camemberts de normandie;121
moutardes à l'ancienne;121
quenelles de poisson;121
terrines de poisson;120
crevettes roses;120
cassoulets au confit de canard;120
riz thaï;120
miels d'agrumes;120
flageolets en conserve;120
bourgogne;120
seitan;119
rillettes de la sarthe;119
crèmes végétales pour cuisiner;119
knacks industrielles;118
flammekueches;118
pizzas aux trois fromages;118
édulcorants de table;117
haricots rouges;117
gratins de légumes;117
lentilles préparées;117
terrines de sanglier;117
chocolats suisses;117
nouilles chinoises;117
galettes de maïs soufflé;117
nouilles aux oeufs;116
purées d'amande;116
oeufs en chocolat;116
céleris rémoulade;116
biscuits tablette de chocolat au lait;116
gingembre;116
poulets rôtis;115
épinards en conserve;115
poivres moulus;115
shortbread;115
nems au poulet;115
massepain;114
pains bagel;114
chocolats noirs aux fèves de cacao;114
jus multifruits à base de jus concentré;114
mandarines;114
confitures de poires;113
laits concentrés;113
salades piémontaises au jambon;113
biscuits apéritifs soufflés à base de pomme de terre;113
coleslaw;113
röstis de pommes de terre surgelés;113
bières aromatisées;113
pains burger;113
jus de pamplemousse pur jus;113
jus de pomme à base de concentré;113
ravioli au fromage;112
preparations made from fish;112
brocolis;112
chocolats de noël;112
préparations de viande fraîches;112
mousses lactées;111
sushis et makis;111
crêpes fourrées;111
thés glacés saveur pêche;111
yaourts aux fruits avec morceaux;111
bresaola;110
muffins au chocolat;110
semi conserves;110
tartes au citron;110
nectars de mangue;110
substituts de repas;110
chipolatas aux herbes;109
crêpes sucrées;109
framboises;109
pizzas jambon fromage;109
croquants aux amandes;109
rillettes du mans;109
bavette d aloyau;109
veloutés de potiron;109
saucisses fumées;108
miels de forêt;108
tomme des pyrénées;108
chapelure;108
cidres doux;108
muffins aux fruits;108
poulet fermier;108
poulet fermier jaune;108
escalopes milanaises;108
préparations de viande hachées surgelées;108
chocolats noirs à l'orange;108
riz complet;108
barres de céréales aux fruits;107
tourons croquants aux amandes;107
œufs de lump;107
sucres roux;106
ravioli frais;106
huiles d'olive de france;106
box;105
acras de morue;105
escalopes panees;105
haricots blancs en conserve;105
céréales pour bébé;105
purées de céréales;105
mélanges de plantes aromatiques;105
desserts au café;105
purées de sésame;105
crèmes dessert caramel;105
céréales au caramel;105
plats prepares a rechauffer au bain marie;104
fromages blancs au lait de vache;104
thés verts à la menthe;104
citronnades;104
œufs de poules élevées en cage;104
tomme de savoie;104
chicorée soluble;104
yaourts de soja aux fruits;104
bières brunes;103
kiwis;103
compotes pommes abricot;102
calissons d'aix;102
macédoines de légumes en conserve;102
terrines de foie;102
biscuits à la fraise;102
cornichons au vinaigre;101
sauces béarnaises;101
cidres demi secs;101
pizzas margherita;101
vins mutés;101
bolleria industrial;101
figues sèches;100
bâtonnets glacés à la vanille;100
cannelloni préparés;100
confits de canard;100
beignets salés;100
veloutés de tomates;100
vinaigres de vins rouges;100
